

{
	"sProcessing":   "Đang xử lý...",
	"sLengthMenu":   "_MENU_ chọn",
	"sZeroRecords":  "Không tìm thấy dòng nào phù hợp",
	"sInfo":         "Đang xem _START_ đến _END_ trong tổng số _TOTAL_ mục",
	"sInfoEmpty":    "Đang xem 0 đến 0 trong tổng số 0 mục",
	"sInfoFiltered": "(được lọc từ _MAX_ mục)",
	"sInfoPostFix":  "",
	"sSearch":       "Tìm kiếm:",
	"sUrl":          "",
	"oPaginate": {
		"sFirst":    "Đầu tiên",
		"sPrevious": "<<",
		"sNext":     ">>",
		"sLast":     "Cuối cùng"
	}
}
